Date,Close,ret_rl,ret_bh,ret_ma,equity_rl,equity_bh,equity_ma,pos_rl,pos_bh,pos_ma
2024-01-02,462.6103820800781,-9.999999747378752e-05,-0.0001,0.0,0.9999000000025262,0.9999,1.0,2.0,1.0,0.0
2024-01-03,458.8323974609375,0.0009057829738594592,-0.008166666303841552,-0.0,1.0008056923980906,0.9917341503627889,1.0,2.0,1.0,0.0
2024-01-04,457.35443115234375,0.020495383068919182,-0.0032211463636230286,-0.0,1.0213175884413443,0.988539629510667,1.0,0.0,1.0,0.0
2024-01-05,457.9809265136719,-0.0008897664956748486,0.0013698246232132227,0.0,1.0204088542697058,0.9898937554361927,1.0,2.0,1.0,0.0
2024-01-08,464.51898193359375,-0.003762507112696767,0.014275824693600336,0.0,1.0165695586976573,1.0040253051540895,1.0,1.0,1.0,0.0
2024-01-09,463.8143005371094,-9.999999747378752e-05,-0.0015170131337821635,-0.0,1.0164679017443556,1.002502185579521,1.0,0.0,1.0,0.0
2024-01-10,466.4373779296875,0.0013216679217293859,0.005655447426999416,0.0,1.0178113347635587,1.008171783985518,1.0,0.0,1.0,0.0
2024-01-11,466.2318420410156,-0.003694868180900812,-0.00044065055331576897,-0.0,1.0140506560485807,1.0077275325310675,1.0,1.0,1.0,0.0
2024-01-12,466.5547790527344,-9.999999747378752e-05,0.0006926532737554503,0.0,1.0139492509855375,1.0084255383055287,1.0,2.0,1.0,0.0
2024-01-16,464.8419494628906,-0.0012724028201773763,-0.003671229332001258,-0.0,1.0126590990990667,1.0047233768901622,1.0,0.0,1.0,0.0
2024-01-17,462.258056640625,0.009994175285100937,-0.005558648106633313,-0.0,1.0227797916395152,0.9991384731935214,1.0,0.0,1.0,0.0
2024-01-18,466.3688354492188,-0.005167236551642418,0.008892822417132296,0.0,1.0174948465158742,1.008023634205756,1.0,1.0,1.0,0.0
2024-01-19,472.18267822265625,-9.999999747378752e-05,0.012466190558889645,0.0,1.017393097033793,1.0205898489176295,1.0,2.0,1.0,0.0
2024-01-22,473.1810302734375,-0.006102070212364197,0.0021143343388605462,0.0,1.011184892922118,1.0227477170810886,1.0,1.0,1.0,0.0
2024-01-23,474.5610656738281,-9.999999747378752e-05,0.0029165061828306804,0.0,1.0110837744353804,1.0257305671214316,1.0,2.0,1.0,0.0
2024-01-24,475.0797729492188,0.0105574456974864,0.0010930253510244015,0.0,1.0217582364795916,1.026851716634616,1.0,0.0,1.0,0.0
2024-01-25,477.6636962890625,0.0014676814898848534,0.005438925180508258,0.0,1.02325785213041,1.0324366862928682,1.0,1.0,1.0,0.0
2024-01-26,477.056884765625,-9.999999747378752e-05,-0.0012703739642593304,-0.0,1.023155526347782,1.0311251056068556,1.0,2.0,1.0,0.0
2024-01-29,480.8348693847656,-0.00686665577813983,0.007919358759483686,0.0,1.0161298695408503,1.0392909552440668,1.0,2.0,1.0,0.0
2024-01-30,480.4629821777344,0.005743157118558884,-0.0007734197969192502,-0.0,1.0219656630344842,1.0384871470445218,1.0,0.0,1.0,0.0
2024-01-31,472.6230773925781,-0.005757186096161604,-0.0163173960866273,-0.0,1.0160820165285076,1.021541740935325,1.0,2.0,1.0,0.0
2024-02-01,478.8089294433594,0.009149164892733097,0.013088341104518397,0.0,1.0253783184422676,1.03491202769319,1.0,1.0,1.0,0.0
2024-02-02,483.8494873046875,0.0,0.010527284583409902,0.0,1.0253783184422676,1.04580684112751,1.0,1.0,1.0,0.0
2024-02-05,482.0877075195313,-0.0,-0.0036411731982404216,-0.0,1.0253783184422676,1.04199887728706,1.0,1.0,1.0,0.0
2024-02-06,483.4873352050781,-9.999999747378752e-05,0.0029032635840233745,0.0,1.0252757806130137,1.045024074682081,1.0,0.0,1.0,0.0
2024-02-07,487.5198059082031,0.0016468060202896595,0.008340385382410442,0.0,1.0269642109409844,1.0537399781988264,1.0,2.0,1.0,0.0
2024-02-08,487.735107421875,0.008203649893403053,0.00044162618843923696,0.0,1.0353890657805993,1.0542053373690043,1.0,0.0,1.0,0.0
2024-02-09,490.5540161132813,-8.926574992074165e-06,0.005779589470823243,0.0,1.0353798233024576,1.060298211436948,1.0,2.0,1.0,0.0
2024-02-12,490.338623046875,-0.0017398373456671834,-0.0004390812414765133,-0.0,1.0335784308189258,1.0598326543819347,1.0,2.0,1.0,0.0
2024-02-13,483.585205078125,-0.006558098830282688,-0.013772967601013097,-0.0,1.0268001213207667,1.0452356135706367,1.0,0.0,1.0,0.0
2024-02-14,487.9798278808594,-0.0012985551729798317,0.009087587371545913,0.0,1.0254667647116094,1.0547342835328113,1.0,2.0,1.0,0.0
2024-02-15,491.3467712402344,-0.012206093408167362,0.006899759307667619,0.0,1.0129498215945683,1.0620116962227328,1.0,2.0,1.0,0.0
2024-02-16,488.8998718261719,0.010446923784911633,-0.004979984722167097,-0.0,1.0235320311787066,1.056722894200781,1.0,2.0,1.0,0.0
2024-02-20,486.2082824707031,0.00035921510425396264,-0.005505400002284611,-0.0,1.0238996993439937,1.0509052119766338,1.0,0.0,1.0,0.0
2024-02-21,486.648681640625,-0.0013569948496297002,0.0009057829448810839,0.0,1.0225102727254465,1.0518571039943287,1.0,2.0,1.0,0.0
2024-02-22,496.7200622558594,-0.0101132458075881,0.020695382511426885,0.0,1.01216937499659,1.0736256891088531,1.0,1.0,1.0,0.0
2024-02-23,497.0626831054688,-9.999999747378752e-05,0.0006897664814531357,0.0,1.0120681580616473,1.0743662401228276,1.0,2.0,1.0,0.0
2024-02-26,495.2421875,-0.014003023505210876,-0.003662507098893486,-0.0,0.9978961438554346,1.070431366141566,1.0,0.0,1.0,0.0
2024-02-27,496.1622619628906,0.012328176759183407,0.001857827313814342,0.0,1.010198383904192,1.0724200427711474,1.0,2.0,1.0,0.0
2024-02-28,495.5065002441406,-0.0018237752374261618,-0.0013216678675957994,-0.0,1.0083560091067396,1.071002659660051,1.0,2.0,1.0,0.0
2024-02-29,497.2877807617188,-0.005918252747505903,0.003594868113133698,0.0,1.0023883033853795,1.0748527729703443,1.0,2.0,1.0,0.0
2024-03-01,501.95648193359375,-0.0020576887764036655,0.009388328755481679,0.0,1.0003257002239052,1.084943844166731,1.0,2.0,1.0,0.0
2024-03-04,501.4181823730469,-0.008728362619876862,-0.001072402847500431,-0.0,0.9915944947743688,1.0837803472988685,1.0,2.0,1.0,0.0
2024-03-05,496.4069213867188,0.009209170006215572,-0.009994174847452575,-0.0,1.0007262570539734,1.0729488570117307,1.0,2.0,1.0,0.0
2024-03-06,498.9223327636719,0.01186666265130043,0.005067236713634626,0.0,1.0126015379527316,1.0783857428518329,1.0,2.0,1.0,0.0
2024-03-07,503.8748168945313,-0.0004746864433400333,0.00992636289385218,0.0,1.01212086973016,1.0890901910749364,1.0,2.0,1.0,0.0
2024-03-08,500.85052490234375,-0.003998864442110062,-0.006002070138822924,-0.0,1.0080735355730785,1.0825533953606006,1.0,0.0,1.0,0.0
2024-03-11,500.4198913574219,-0.009673832915723324,-0.0008598045195337134,-0.0,0.9983216006231821,1.0816226110586329,1.0,2.0,1.0,0.0
2024-03-12,505.8031311035156,0.0033414384815841913,0.010757445575337421,0.0,1.0016574308365012,1.0932581074301504,1.0,0.0,1.0,0.0
2024-03-13,505.01019287109375,0.015641171485185623,-0.0015676815418123047,-0.0016676815418123047,1.0173245264816253,1.0915442268746955,0.9983323184581877,2.0,1.0,1.0
2024-03-14,504.0119323730469,-0.003447095165029168,-0.001976713563683785,-0.001976713563683785,1.0138177120251248,1.0893865565960716,0.9963589014232275,0.0,1.0,1.0
2024-03-15,500.5510559082031,-0.009553378447890282,-0.006866655812192479,-0.006866655812192479,1.0041323277449745,1.0819061140654969,0.98951724778174,2.0,1.0,1.0
2024-03-18,503.5259094238281,0.012395281344652176,0.005943157007685107,0.005943157007685107,1.016578830454634,1.0883360519689627,0.9953981041471194,2.0,1.0,1.0
2024-03-19,506.3240966796875,0.010326871648430824,0.005557186241044176,0.005557186241044176,1.027076909557251,1.094384138102597,1.0009297167958473,2.0,1.0,1.0
2024-03-20,511.0071716308594,0.001103502931073308,0.009249164679070221,0.009249164679070221,1.028210291937385,1.1045062772180703,1.0101874805786673,2.0,1.0,1.0
2024-03-21,512.6959838867188,-0.0001034094239003025,0.0033048699697688644,0.0033048699697688644,1.0281039653034474,1.1081565268450695,1.013526018847068,0.0,1.0,1.0
2024-03-22,511.7239074707031,-0.005961759481579065,-0.0018960094218923862,-0.0018960094218923862,1.0219746567402506,1.1060554516292398,1.0116043639660008,2.0,1.0,1.0
2024-03-25,510.3101501464844,0.0010883401846513152,-0.002762734559748292,-0.002762734559748292,1.0230869128268762,1.1029997140080257,1.0088095696288797,0.0,1.0,1.0
2024-03-26,509.3677062988281,-0.0003342184063512832,-0.0018468060009892984,-0.0018468060009892984,1.0227449783493123,1.1009626875171061,1.0069464940618336,2.0,1.0,1.0
2024-03-27,513.6482543945312,0.0045881737023591995,0.008403650335052637,0.008403650335052637,1.0274375099631945,1.1102147929749397,1.0154085203040364,2.0,1.0,1.0
2024-03-28,513.5501098632812,0.012382947839796543,-0.00019107342507318492,-0.00019107342507318492,1.0401602150577192,1.1100026604318791,1.0152145027202133,2.0,1.0,1.0
2024-04-01,512.6566162109375,-0.002257512416690588,-0.001739837330736127,-0.001739837330736127,1.037812040456879,1.1080714363660433,1.013448194629676,0.0,1.0,1.0
2024-04-02,509.3970947265625,-0.0016374900005757809,-0.006358098932705114,-0.006358098932705114,1.0361126336181536,1.1010262085491234,1.007004590745049,2.0,1.0,1.0
2024-04-03,509.9566955566406,0.0011522159911692142,0.0010985552054993963,0.0010985552054993963,1.037306459163261,1.1022357466219164,1.0081108408801738,2.0,1.0,1.0
2024-04-04,503.7321166992188,0.00225248746573925,-0.01220609301075537,-0.01220609301075537,1.0396429789606567,1.0887817545788698,0.9958057461912395,0.0,1.0,1.0
2024-04-05,508.99456787109375,0.002879486884921789,0.010446924064238639,0.010446924064238639,1.042636617283575,1.1001561748914839,1.006208853204432,0.0,1.0,1.0
2024-04-08,509.2792053222656,0.007103985641151667,0.0005592151058946282,0.0005592151058946282,1.0500434928416964,1.1007713988433265,1.0067715403948287,2.0,1.0,1.0
2024-04-09,509.8684387207031,0.006616516504436731,0.001156994812039569,0.001156994812039569,1.0569911229424598,1.1020449856410297,1.0079363698439747,2.0,1.0,1.0
2024-04-10,504.7630004882813,0.0006986460066400468,-0.010013246250800911,-0.010013246250800911,1.0577295855695574,1.0910099378203457,0.9978436547675886,2.0,1.0,1.0
2024-04-11,508.5723571777344,-0.007002586033195257,0.007546822341907289,0.007546822341907289,1.0503227431467506,1.0992435959943312,1.0053742035551192,2.0,1.0,1.0
2024-04-12,501.5525207519531,-0.0066336640156805515,-0.013803023948720017,-0.013803023948720017,1.043355254960687,1.0840707103133442,0.9914969993460225,2.0,1.0,1.0
2024-04-15,495.26898193359375,0.009108195081353188,-0.012528177126771789,-0.012528177126771789,1.052858338162024,1.0704892804365933,0.9790753493175528,2.0,1.0,1.0
2024-04-16,494.36572265625,0.0006153787835501134,-0.0018237751813515723,-0.0018237751813515723,1.0535062448454127,1.0685369486550302,0.9772897359947943,0.0,1.0,1.0
2024-04-17,491.43994140625,-0.0013177735963836312,-0.00591825265368251,-0.00591825265368251,1.0521179621323302,1.0622130770230949,0.9715058884213265,2.0,1.0,1.0
2024-04-18,490.4287109375,0.011785173788666725,-0.0020576888110811486,-0.0020576888110811486,1.0645173551622376,1.0600273730595204,0.9695068316248224,1.0,1.0,1.0
2024-04-19,486.1480712890625,-0.0,-0.008728362661016842,0.008528362661016841,1.0645173551622376,1.0507750697168519,0.9777751374872523,1.0,1.0,-1.0
2024-04-22,490.6250915527344,-9.999999747378752e-05,0.009209170061707184,-0.009209170061707184,1.0644109034294105,1.0604518360304767,0.9687706399640231,0.0,1.0,-1.0
2024-04-23,496.4471740722656,-0.0031897611916065216,0.011866662793591498,-0.011866662793591498,1.0610156868377285,1.0730358603774952,0.9572745654552383,1.0,1.0,-1.0
2024-04-24,496.2115173339844,-9.999999747378752e-05,-0.00047468643309656056,0.00047468643309656056,1.0609095852717252,1.072526504812348,0.9577289707042084,2.0,1.0,-1.0
2024-04-25,494.3264770507813,0.008212889544665813,-0.003798864430497151,0.003798864430497151,1.0696227185124392,1.068452122022451,0.9613672532250732,2.0,1.0,-1.0
2024-04-26,499.0096435546875,0.0020135012455284595,0.009473833025992473,-0.009473833025992473,1.0717764051884096,1.078574459022759,0.9522594203913618,2.0,1.0,-1.0
2024-04-29,500.77685546875,0.0004083146050106734,0.0035414384008167765,-0.0035414384008167765,1.0722140271479539,1.0823941640300825,0.9488870523124483,0.0,1.0,-1.0
2024-04-30,492.8439636230469,-0.008158830925822258,-0.01584117109062,0.01584117109062,1.0634660141841588,1.0652477728901932,0.9639185344538038,2.0,1.0,-1.0
2024-05-01,491.24365234375,0.002440865384414792,-0.0032470952216447913,0.0032470952216447913,1.0660617915656825,1.0617888119369738,0.9670484697210836,1.0,1.0,-1.0
2024-05-02,495.8384399414063,-9.999999747378752e-05,0.009353378055338313,-0.009353378055338313,1.065955185389219,1.0717201241099488,0.9580032997859459,0.0,1.0,-1.0
2024-05-03,501.9844970703125,0.0012405028101056814,0.012395281676088832,-0.012395281676088832,1.067277505792141,1.0850043969262244,0.9461285790384765,1.0,1.0,-1.0
2024-05-06,507.1684265136719,-9.999999747378752e-05,0.010326871593871578,-0.010326871593871578,1.067170778044258,1.0962090980120676,0.936358030691454,2.0,1.0,-1.0
2024-05-07,507.7280883789063,0.0038508533034473658,0.0011035029705646071,-0.0011035029705646071,1.0712802961602323,1.0974187680080838,0.9353247568230739,2.0,1.0,-1.0
2024-05-08,507.7771301269531,0.0011481366818770766,9.659057509181501e-05,-9.659057509181501e-05,1.072510272364826,1.0975247683180023,0.9352344132669148,1.0,1.0,-1.0
2024-05-09,510.7028198242188,-9.999999747378752e-05,0.005761759487935558,-0.005761759487935558,1.072403021340299,1.103848442065103,0.9298458175128304,2.0,1.0,-1.0
2024-05-10,511.36077880859375,-0.003935168031603098,0.0012883402222088058,-0.0012883402222088058,1.0681829352537262,1.105270574412238,0.928647859745676,2.0,1.0,-1.0
2024-05-13,511.4294128417969,0.0020579653792083263,0.00013421841495753206,-6.578158504246795e-05,1.0703812187531394,1.1054189220768347,0.9285867718175156,2.0,1.0,1.0
2024-05-14,513.7759399414062,0.00662993174046278,0.00458817393112132,0.00458817393112132,1.077477773169746,1.1104907763580758,0.9328472894367528,1.0,1.0,1.0
2024-05-15,520.1380004882812,-9.999999747378752e-05,0.012382947608641448,0.012382947608641448,1.077370025395151,1.1242419254615974,0.9443986885487112,2.0,1.0,1.0
2024-05-16,519.0678100585938,0.005666409153491259,-0.0020575124845384485,-0.0020575124845384485,1.0834748447687472,1.1219287836643186,0.9424555764566405,1.0,1.0,1.0
2024-05-17,519.81396484375,-9.999999747378752e-05,0.0014374899978328859,0.0014374899978328859,1.0833664972870074,1.1235415450691169,0.9438103469211987,0.0,1.0,1.0
2024-05-20,520.4129028320312,-0.0009726652642711997,0.001152216040331444,0.001152216040331444,1.0823127443266212,1.1248361076593243,0.9448978203419521,0.0,1.0,1.0
2024-05-21,521.689208984375,-0.0100950226187706,0.00245248752557492,0.00245248752557492,1.0713867726920603,1.127594754181675,0.9472151704592837,2.0,1.0,1.0
2024-05-22,520.18701171875,-0.008722478523850441,-0.0028794869430968095,-0.0028794869430968095,1.0620416245765163,1.1243478598099046,0.944487676743643,1.0,1.0,1.0
2024-05-23,516.3875732421875,-9.999999747378752e-05,-0.007303985664710799,-0.007303985664710799,1.0619354204167415,1.1161356391597048,0.9375891522922114,2.0,1.0,1.0
2024-05-24,519.8042602539062,0.0026502632535994053,0.006616516718763732,0.006616516718763732,1.0647498288391677,1.123520569276613,0.9437927265936843,1.0,1.0,1.0
2024-05-28,520.1674194335938,0.0,0.0006986460240054893,0.0006986460240054893,1.0647498288391677,1.1243055124552266,0.9444521036296043,1.0,1.0,1.0
2024-05-29,516.52490234375,-9.999999747378752e-05,-0.007002586001657041,-0.007002586001657041,1.0646433538589735,1.1164324664121217,0.9378384965494921,2.0,1.0,1.0
2024-05-30,513.0984497070312,-0.007784807588905096,-0.006633663974710768,-0.006633663974710768,1.0563553101983747,1.1090264285794862,0.9316171911008349,1.0,1.0,1.0
2024-05-31,517.7718505859375,-9.999999747378752e-05,0.009108195282162113,0.009108195282162113,1.0562496746700234,1.119127657864067,0.9401025424056006,2.0,1.0,1.0
2024-06-03,518.1940307617188,0.010309907607734203,0.000815378772143438,0.000815378772143438,1.0671395112265707,1.120040170799608,0.9408690820623162,2.0,1.0,1.0
2024-06-04,518.7732543945312,-0.001668690238147974,0.0011177736493048762,0.0011177736493048762,1.0653587859414448,1.1212921221886907,0.9419207607296911,1.0,1.0,1.0
2024-06-05,524.93896484375,-9.999999747378752e-05,0.011885174104464769,0.011885174104464769,1.065252250065542,1.134618874282868,0.9531156529635734,2.0,1.0,1.0
2024-06-06,524.92919921875,-0.005210317205637693,-1.860335325443163e-05,-1.860335325443163e-05,1.059701947938681,1.1345977665671405,0.953097921816389,2.0,1.0,1.0
2024-06-07,524.291015625,0.011199602857232094,-0.0012157517522359829,-0.0012157517522359829,1.0715701889026297,1.1332183773443534,0.9519391913478882,2.0,1.0,1.0
2024-06-10,525.9109497070312,0.0005879801465198398,0.0030897612847706757,0.0030897612847706757,1.072200250899307,1.1367197516138625,0.9548804562067708,2.0,1.0,1.0
2024-06-11,527.1775512695312,-0.005066443234682083,0.002408395495864024,0.002408395495864024,1.0667680091919136,1.139457422343709,0.9571801859965877,2.0,1.0,1.0
2024-06-12,531.5072021484375,0.016254475340247154,0.008212889316852934,0.008212889316852934,1.084107763491088,1.1488156600346844,0.9650414009204624,2.0,1.0,1.0
2024-06-13,532.577392578125,-0.014360839501023293,0.002013501275921703,0.002013501275921703,1.0685390658977791,1.151128801831963,0.9669845130125331,0.0,1.0,1.0
2024-06-14,532.9013671875,0.018418418243527412,0.0006083146109652215,0.0006083146109652215,1.0882198653230326,1.1518290503012203,0.9675727438203757,2.0,1.0,1.0
2024-06-17,537.1426391601562,-0.029123755171895027,0.007958831096719576,0.007958831096719576,1.056526816392172,1.1609962631648627,0.9752734918622317,2.0,1.0,1.0
2024-06-18,538.5074462890625,0.009219546802341938,0.0025408653668608228,0.0025408653668608228,1.066267514823829,1.1639461983609931,0.9777515305009218,2.0,1.0,1.0
2024-06-20,537.0444946289062,-0.006684069987386465,-0.0027166786090659922,-0.0027166786090659922,1.0591405081294698,1.160784130621802,0.9750952938330284,2.0,1.0,1.0
2024-06-21,536.3245849609375,0.02311737649142742,-0.001340502835740276,-0.001340502835740276,1.0836250580132205,1.1592280962030213,0.9737881758265282,2.0,1.0,1.0
2024-06-24,534.5811767578125,0.004409776069223881,-0.0032506587466095693,-0.0032506587466095693,1.0884036018620586,1.1554598412527834,0.9706227227754327,2.0,1.0,1.0
2024-06-25,536.6397705078125,0.000525389623362571,0.0038508534147894125,0.0038508534147894125,1.0889754378205074,1.1599093477281237,0.9743604486019047,2.0,1.0,1.0
2024-06-26,537.3095703125,0.016445621848106384,0.0012481367231760299,0.0012481367231760299,1.1068843160727795,1.1613570731805782,0.975576583659415,2.0,1.0,1.0
2024-06-27,538.1566162109375,0.0031545800156891346,0.0015764578657047057,0.0015764578657047057,1.1103760712159425,1.1631879036734856,0.9771145390383222,2.0,1.0,1.0
2024-06-28,536.0388793945312,0.016940299421548843,-0.003935168225407737,-0.003935168225407737,1.1291861743328637,1.158610563594771,0.9732694289517148,0.0,1.0,1.0
2024-07-01,537.1420288085938,-0.0023419465869665146,0.002057965301525355,0.002057965301525355,1.126541680625835,1.1609949439326297,0.9752723836655328,1.0,1.0,1.0
2024-07-02,540.7569580078125,-9.999999747378752e-05,0.00672993175983061,0.00672993175983061,1.1264290264606183,1.1688083606788047,0.9818359002548492,0.0,1.0,1.0
2024-07-03,543.1701049804688,0.0016260979464277625,0.004462535223858088,0.004462535223858088,1.1282607103873425,1.1740242091582738,0.9862173775437849,0.0,1.0,1.0
2024-07-05,546.30224609375,-0.0036365054547786713,0.005766409241896531,0.005766409241896531,1.1241577841596064,1.1807941132081743,0.9919043105441724,2.0,1.0,1.0
2024-07-08,546.9326782226562,-0.007848464883863926,0.0011539987862287937,0.0011539987862287937,1.1153348712667075,1.1821567481816027,0.9930489669145954,2.0,1.0,1.0
2024-07-09,547.4646606445312,0.010625310242176056,0.0009726652713524242,0.0009726652713524242,1.1271856502978337,1.1833065909958538,0.9940148711574657,2.0,1.0,1.0
2024-07-10,552.8818359375,-0.0025838427245616913,0.00989502278848664,0.00989502278848664,1.1242731798560812,1.1950154366795243,1.0038506709596635,0.0,1.0,1.0
2024-07-11,548.1146240234375,-0.0015730594750493765,-0.008622478808657075,-0.008622478808657075,1.1225046312779647,1.184711441400737,0.9951949898222576,2.0,1.0,1.0
2024-07-12,551.5718383789062,-0.005805266089737415,0.006307466000616824,0.006307466000616824,1.1159881932064335,1.1921839685379139,1.0014721483845457,2.0,1.0,1.0
2024-07-15,553.0888061523438,8.957032696343958e-05,0.0027502632801121862,0.0027502632801121862,1.1160881526337862,1.1954627883297222,1.0042264604603028,2.0,1.0,1.0
2024-07-16,556.3685913085938,0.009546210058033466,0.00592994311178785,0.00592994311178785,1.126742564582111,1.2025518146567766,1.0101814662421844,2.0,1.0,1.0
2024-07-17,548.5676879882812,-0.02057911641895771,-0.014021106586848409,-0.014021106586848409,1.1035551981713807,1.185690707487266,0.996017604231944,2.0,1.0,1.0
2024-07-18,544.35205078125,-0.0020468488801270723,-0.007684807726264231,-0.007684807726264231,1.1012963874498451,1.1765789023774083,0.9883634004514471,2.0,1.0,1.0
2024-07-19,540.7372436523438,-0.0024322159588336945,-0.006640568587402806,-0.006640568587402806,1.0986177968008837,1.16876574947768,0.9818001055014706,2.0,1.0,1.0
2024-07-22,546.3121948242188,-0.01683002896606922,0.010309907884686664,0.010309907884686664,1.0801280274580856,1.1808156166935717,0.9919223741503663,2.0,1.0,1.0
2024-07-23,545.4552001953125,0.011195995844900608,-0.0015686902782428014,-0.0015686902782428014,1.092221136365467,1.1789632827152672,0.9903663551652652,2.0,1.0,1.0
2024-07-24,533.0938110351562,0.004355847369879484,-0.02266251959048149,-0.02266251959048149,1.0969786849296312,1.152245004224274,0.9679221582395786,2.0,1.0,1.0
2024-07-25,530.3162231445312,0.010058902204036713,-0.005210317270859854,-0.005210317270859854,1.1080130862412512,1.1462414421785023,0.962878976701655,0.0,1.0,1.0
2024-07-26,536.2555541992188,-0.008623207919299603,0.011199602794479846,0.011199602794479846,1.098458459021288,1.1590788910374732,0.9736628387798688,2.0,1.0,1.0
2024-07-29,536.5708618164062,0.005022761877626181,0.0005879801425243691,0.0005879801425243691,1.103975754293416,1.1597604064090223,0.9742353331945853,0.0,1.0,1.0
2024-07-30,533.8523559570312,-0.0016770301153883338,-0.0050664433215256155,-0.0050664433215256155,1.1021243537068075,1.1538845460434015,0.9692994250971273,2.0,1.0,1.0
2024-07-31,542.5298461914062,0.00040856783743947744,0.01625447586312312,0.01625447586312312,1.1025746462705908,1.1726403345458947,0.9850548792065077,2.0,1.0,1.0
2024-08-01,534.84716796875,-0.0029658868443220854,-0.014160839770547384,-0.014160839770547384,1.0993045346323338,1.1560347626599092,0.9711056748968684,2.0,1.0,1.0
2024-08-02,524.88916015625,0.016864346340298653,-0.018618417388875153,-0.018618417388875153,1.1178435870378343,1.1345112249326579,0.9530252241129332,0.0,1.0,1.0
2024-08-05,509.6024169921875,0.0016286163590848446,-0.029123754736165464,0.028923754736165465,1.1196641253905821,1.1014699982722924,0.9805902919525548,1.0,1.0,-1.0
2024-08-06,514.3007202148438,-9.999999747378752e-05,0.009219546583760119,-0.009219546583760119,1.1195521589808717,1.111625052231978,0.9715496940763152,2.0,1.0,-1.0
2024-08-07,510.8630981445313,0.002661290345713496,-0.006684070107614071,0.006684070107614071,1.1225316123330902,1.1041948724494792,0.9780436003445523,0.0,1.0,-1.0
2024-08-08,522.6729125976562,0.002005617832764983,0.023117376252108413,-0.023117376252108413,1.1247829817526278,1.1297209607715426,0.9554337984444206,2.0,1.0,-1.0
2024-08-09,524.977783203125,0.003864734433591366,0.004409776267175758,-0.004409776267175758,1.1291299692725247,1.134702777452884,0.9512205491551827,1.0,1.0,-1.0
2024-08-12,525.2536010742188,-9.999999747378752e-05,0.0005253896067960451,-0.0005253896067960451,1.1290170562784498,1.1352989384989602,0.9507207877648858,2.0,1.0,-1.0
2024-08-13,533.8917236328125,0.0038071342278271914,0.016445622725722586,-0.016445622725722586,1.1333153757572083,1.1539696365224275,0.9350855923718027,0.0,1.0,-1.0
2024-08-14,535.575927734375,0.008858426474034786,0.0031545799026486687,-0.0031545799026486687,1.1433547666852466,1.157609925946068,0.9321357901548503,1.0,1.0,-1.0
2024-08-15,544.755859375,-9.999999747378752e-05,0.01714029919055271,-0.01714029919055271,1.1432404312114663,1.177451706422737,0.9161587038253739,2.0,1.0,-1.0
2024-08-16,545.9771728515625,-0.001828142674639821,0.0022419464711471715,-0.0022419464711471715,1.141150424591795,1.1800914901208976,0.9141047250523219,2.0,1.0,-1.0
2024-08-19,551.1975708007812,0.009087280370295048,0.00956156815486131,-0.00956156815486131,1.1515203784447419,1.1913750153326605,0.9053644504230534,2.0,1.0,-1.0
2024-08-20,550.30126953125,-0.009040378034114838,-0.0016260980037141604,0.0016260980037141604,1.1411101989096144,1.189437722798553,0.9068366617485201,2.0,1.0,-1.0
2024-08-21,552.1923828125,0.009457523934543133,0.003436505394328604,0.003236505394328604,1.1519022759277533,1.1935252319491683,0.9097716434960441,2.0,1.0,1.0
2024-08-22,547.8585205078125,0.006726370193064213,-0.007848464483725226,-0.007848464483725226,1.1596503970618766,1.1841578915557853,0.9026313330637651,0.0,1.0,1.0
2024-08-23,553.6796875,0.0015498935244977474,0.010625310685670852,0.010625310685670852,1.161447731702964,1.1967399370544545,0.9122220714121888,2.0,1.0,1.0
2024-08-26,552.3598022460938,0.005788139533251524,-0.00238384265073166,-0.00238384265073166,1.168170353234639,1.1938870973506701,0.9100474775314177,0.0,1.0,1.0
2024-08-27,553.1182250976562,-0.008378405123949051,0.0013730594595742218,0.0013730594595742218,1.1583829487614525,1.1955263753233512,0.9112970268291039,2.0,1.0,1.0
2024-08-28,549.9072265625,-0.007969830185174942,-0.0058052661970943165,-0.0058052661970943165,1.1491508333704215,1.1885860264689518,0.9060067050037403,0.0,1.0,1.0
2024-08-29,549.9564819335938,-0.004546395968645811,8.957032880196891e-05,8.957032880196891e-05,1.1439263386542202,1.1886924885101522,0.9060878563222042,2.0,1.0,1.0
2024-08-30,555.2064819335938,8.593427628511563e-05,0.009546209877446143,0.009546209877446143,1.144024641136256,1.2000399964852138,0.9147375611660613,2.0,1.0,1.0
2024-09-03,543.7808227539062,0.0036465544253587723,-0.020579117051904405,-0.020579117051904405,1.148196389254111,1.1753442329305777,0.8959130698230514,0.0,1.0,1.0
2024-09-04,542.6677856445312,0.0014422065578401089,-0.0020468487721545525,-0.0020468487721545525,1.1498523256163815,1.1729384810305448,0.8940792712561269,2.0,1.0,1.0
2024-09-05,541.347900390625,-0.0006310490425676107,-0.0024322159686309686,-0.0024322159686309686,1.149126712407207,1.1700856413267606,0.8919046773753557,1.0,1.0,1.0
2024-09-06,532.2369995117188,-0.0,-0.016830029030004634,-0.016830029030004634,1.149126712407207,1.1503930660156396,0.8768938957631316,1.0,1.0,1.0
2024-09-09,538.1959228515625,-9.999999747378752e-05,0.011195996041820644,0.011195996041820644,1.1490117997388694,1.1632728622292887,0.8867115963491923,2.0,1.0,1.0
2024-09-10,540.5402221679688,-0.0003452330129221082,0.004355847409592606,0.004355847409592606,1.1486151229333625,1.1683399013128795,0.8905739767592056,2.0,1.0,1.0
2024-09-11,546.0855712890625,0.00299131334759295,0.010258901916406549,0.010258901916406549,1.1520509906818401,1.1803257857654723,0.8997102878360824,1.0,1.0,1.0
2024-09-12,550.6853637695312,-9.999999747378752e-05,0.00842320823385001,0.00842320823385001,1.1519357855856822,1.1902679156427576,0.9072887349406629,2.0,1.0,1.0
2024-09-13,553.5614624023438,-0.0030251999851316214,0.005222762074381437,0.005222762074381437,1.1484509494642559,1.1964844017709295,0.9120272881360245,2.0,1.0,1.0
2024-09-16,554.3790893554688,-0.019703056663274765,0.0014770301197930547,0.0014770301197930547,1.1258229553319699,1.1982516452702077,0.9133743799106746,1.0,1.0,1.0
2024-09-17,554.6055908203125,-9.999999747378752e-05,0.0004085678359677658,0.0004085678359677658,1.1257103730392808,1.1987412123518606,0.9137475553045031,2.0,1.0,1.0
2024-09-18,552.960693359375,-0.0021539367735385895,-0.0029658869080358974,-0.0029658869080358974,1.1232856640704376,1.195185881484023,0.9110374833929757,2.0,1.0,1.0
2024-09-19,562.3966064453125,0.012091876938939095,0.01706434688623526,0.01706434688623526,1.1368682960876517,1.2155809479591972,0.9265837430359563,2.0,1.0,1.0
2024-09-20,561.4244384765625,0.02476545237004757,-0.0017286163494028006,-0.0017286163494028006,1.1650233537254275,1.2134796748585324,0.9249820352286534,1.0,1.0,1.0
2024-09-23,562.827392578125,-9.999999747378752e-05,0.002498918831124408,0.002498918831124408,1.164906851392998,1.2165120620692231,0.9272934902549381,0.0,1.0,1.0
2024-09-24,564.4378051757812,-0.004331695381551981,0.002861290368756819,0.002861290368756819,1.1598608297648807,1.2199928563158984,0.9299467461876155,0.0,1.0,1.0
2024-09-25,563.19287109375,-0.0011528016766533256,-0.0022056178211584676,-0.0022056178211584676,1.1585237402556432,1.217302018330322,0.9278956390714957,2.0,1.0,1.0
2024-09-26,565.42578125,-0.003306296654045582,0.003964734411345816,0.003964734411345816,1.1546933170896037,1.222128297531397,0.9315744988418603,0.0,1.0,1.0
2024-09-27,564.6057739257812,-0.0006858136039227247,-0.0014502474973920876,-0.0014502474973920876,1.153901412704385,1.22035590902641,0.9302234852562806,2.0,1.0,1.0
2024-09-30,566.8682250976562,-0.0065300255082547665,0.0040071343162926265,0.0040071343162926265,1.146366407045414,1.2252460390675601,0.9339510157058724,1.0,1.0,1.0
2024-10-01,561.7899780273438,-9.999999747378752e-05,-0.008958426042379841,-0.008958426042379841,1.1462517704076054,1.2142697630428545,0.9255842846044657,0.0,1.0,1.0
2024-10-02,562.0271606445312,-0.004297385923564434,0.00042219090134065773,0.00042219090134065773,1.141325884184595,1.2147824166885843,0.9259750578678496,2.0,1.0,1.0
2024-10-03,560.9996948242188,0.003655478358268738,-0.0018281426455158956,-0.0018281426455158956,1.1454979762539637,1.2125616211476131,0.9242822433758774,2.0,1.0,1.0
2024-10-04,566.09765625,0.0003387646283954382,0.009087280212119575,0.009087280212119575,1.145886030450217,1.2235805083734435,0.9326814551165205,2.0,1.0,1.0
2024-10-07,560.9799194335938,0.005368286278098822,-0.00904037803354929,-0.00904037803354929,1.152037474703748,1.2125188780232652,0.9242496621773862,2.0,1.0,1.0
2024-10-08,566.285400390625,0.0030993176624178886,0.009457523831491343,0.009457523831491343,1.1556080047968647,1.2239863042083035,0.9329907753836767,2.0,1.0,1.0
2024-10-09,570.2077026367188,0.003192242467775941,0.006926370066026921,0.006926370066026921,1.159296985745879,1.2324640863069987,0.9394530147621735,0.0,1.0,1.0
2024-10-10,569.2098999023438,-0.0053214868530631065,-0.001749893468223962,-0.001749893468223962,1.1531278020774367,1.2303074054525494,0.9378090720679378,1.0,1.0,1.0
2024-10-11,572.618408203125,-0.0,0.005988139527028702,0.005988139527028702,1.1531278020774367,1.237674657857536,0.943424803641194,1.0,1.0,1.0
2024-10-14,577.301513671875,-9.999999747378752e-05,0.008178405377231135,0.008178405377231135,1.153012489300142,1.2477968629346208,0.9511405141283064,0.0,1.0,1.0
2024-10-15,572.8159790039062,,-0.0077698300831378075,-0.0077698300831378075,,1.2381016933313465,0.9437503139483411,,1.0,1.0
2024-10-16,575.3056640625,,0.004346395962841587,0.004346395962841587,,1.2434829735328292,0.9478522265028166,,1.0,1.0
2024-10-17,575.3551025390625,,8.593427746461657e-05,8.593427746461657e-05,,1.2435898313436993,0.9479336794990444,,1.0,1.0
2024-10-18,577.5682373046875,,0.003846554511915068,0.003846554511915068,,1.248373367420426,0.9515799580709177,,1.0,1.0
2024-10-21,576.6197509765625,,-0.00164220652532987,-0.00164220652532987,,1.2463232805304,0.9500172672544005,,1.0,1.0
2024-10-22,576.3135375976562,,-0.0005310490637679965,-0.0005310490637679965,,1.2456614217191222,0.9495127614740616,,1.0,1.0
2024-10-23,571.0474853515625,,-0.009137477956955742,-0.009137477956955742,,1.2342792179363336,0.9408366095462442,,1.0,1.0
2024-10-24,572.282470703125,,0.0021626666489953372,0.0021626666489953372,,1.2369485524365125,0.9428713255038637,,1.0,1.0
2024-10-25,572.0848999023438,,-0.0003452330114855906,-0.0003452330114855906,,1.2365215169627022,0.9425458151967165,,1.0,1.0
2024-10-28,573.8533935546875,,0.003091313286971209,0.003091313286971209,,1.2403439923577149,0.9454595195988132,,1.0,1.0
2024-10-29,574.7820434570312,,0.0016182702982574515,0.0016182702982574515,,1.2423512042001694,0.9469895286575848,,1.0,1.0
2024-10-30,573.043212890625,,-0.0030251998756747334,-0.0030251998756747334,,1.2385928434916786,0.9441246960532246,,1.0,1.0
2024-10-31,561.809814453125,,-0.019603056427166976,-0.019603056427166976,,1.214312638090426,0.9256169663622114,,1.0,1.0
2024-11-01,564.180908203125,,0.004220456262957972,0.004220456262957972,,1.2194375914690438,0.9295234922849949,,1.0,1.0
2024-11-04,562.9656982421875,,-0.0021539366952487704,-0.0021539366952487704,,1.2168110000932129,0.9275213575258664,,1.0,1.0
2024-11-05,569.7730102539062,,0.012091877059248857,0.012091877059248857,,1.2315245291106816,0.9387368317508967,,1.0,1.0
2024-11-06,583.940673828125,,0.024865452240191654,0.024865452240191654,,1.2621469434719077,0.9620789476069075,,1.0,1.0
2024-11-07,588.455810546875,,0.007732183971961071,0.007732183971961071,,1.271906095838481,0.9695179190253548,,1.0,1.0
2024-11-08,591.0048217773438,,0.004331695234855104,0.004331695234855104,,1.2774156054130077,0.9737175751753036,,1.0,1.0
2024-11-11,591.5679321289062,,0.0009528016199074063,0.0009528016199074063,,1.2786327290711401,0.9746453348582629,,1.0,1.0
2024-11-12,589.7303466796875,,-0.0031062965881293314,-0.0031062965881293314,,1.274660916587356,0.9716177973799565,,1.0,1.0
2024-11-13,590.016845703125,,0.000485813601166285,0.000485813601166285,,1.2752801641975091,0.9720898225210589,,1.0,1.0
2024-11-14,586.2230224609375,,-0.006430025294729358,-0.006430025294729358,,1.2670800804838525,0.9658392603734995,,1.0,1.0
2024-11-15,578.7142944335938,,-0.01280865428284006,-0.01280865428284006,,1.2508504897842616,0.9534681591945814,,1.0,1.0
2024-11-18,581.0855102539062,,0.004097385952136046,0.004097385952136046,,1.255975707009326,0.9573748862358743,,1.0,1.0
2024-11-19,583.2096557617188,,0.003655478359603892,0.003655478359603892,,1.2605668990264869,0.9608745494145378,,1.0,1.0
2024-11-20,583.4072265625,,0.00033876462577286937,0.00033876462577286937,,1.2609939345002972,0.9612000597216849,,1.0,1.0
2024-11-21,586.5391235351562,,0.00536828621597607,0.00536828621597607,,1.2677633108573045,0.9663600567530841,,1.0,1.0
2024-11-22,588.3569946289062,,0.00309931771097105,0.00309931771097105,,1.2716925121399638,0.969355113592154,,1.0,1.0
2024-11-25,590.3528442382812,,0.003392242511935928,0.003392242511935928,,1.2760064015417556,0.9726434012176438,,1.0,1.0
2024-11-26,593.4353637695312,,0.005221486711438406,0.005221486711438406,,1.2826690520111161,0.97772204581207,,1.0,1.0
2024-11-27,591.6371459960938,,-0.003030183037989409,-0.003030183037989409,,1.278782330006358,0.974759369052982,,1.0,1.0
2024-11-29,595.3125,,0.006212175872964076,0.006212175872964076,,1.2867263507435964,0.9808147456873586,,1.0,1.0
