rollout/ep_len_mean,time/iterations,rollout/ep_rew_mean,time/fps,time/time_elapsed,time/total_timesteps,train/policy_gradient_loss,train/entropy_loss,train/approx_kl,train/explained_variance,train/value_loss,train/clip_fraction,train/n_updates,train/clip_range,train/loss,train/learning_rate
2482.0,1,-0.510932,2096,1,4096,,,,,,,,,,
2482.0,2,-0.19522900000000007,1916,4,8192,-0.003500698640709743,-1.0980315804481506,0.0017905311,-15.487118,0.09874344635754824,9.765625e-05,10,0.2,0.0021801888942718506,0.0003
2482.0,3,-0.16516450000000005,1890,6,12288,-0.006948754898621701,-1.0938714191317558,0.0043272953,-5.460487,0.020324909896589815,0.0070556640625,20,0.2,6.298907101154327e-05,0.0003
2482.0,4,-0.22072366666666668,1876,8,16384,-0.006168658661772497,-1.0850618839263917,0.00389567,-8.137189,0.015938836662098766,0.0060302734375,30,0.2,-0.013134653680026531,0.0003
2482.0,5,-0.10431150000000002,1859,11,20480,-0.007479151969891973,-1.0727918595075607,0.0057586366,-8.920449,0.01075102286413312,0.01513671875,40,0.2,-0.015938078984618187,0.0003
2482.0,6,-0.2250188888888889,1848,13,24576,-0.009560922507080249,-1.0576539859175682,0.0058978647,-9.105487,0.008728399046231062,0.0255615234375,50,0.2,-0.02584719844162464,0.0003
2482.0,7,-0.1266897272727273,1846,15,28672,-0.010297789765172639,-1.0350009471178054,0.007984376,-7.549899,0.007369162829127163,0.0356201171875,60,0.2,-0.023203354328870773,0.0003
2482.0,8,-0.13239992307692308,1844,17,32768,-0.008861867745872587,-1.017316184937954,0.006433798,-6.736782,0.005570147815160453,0.02216796875,70,0.2,-0.020687507465481758,0.0003
2482.0,9,-0.08927528571428571,1843,19,36864,-0.007546030613593757,-0.9992838472127914,0.005652404,-5.8397613,0.0047066774975974114,0.0182861328125,80,0.2,-0.008648797869682312,0.0003
2482.0,10,-0.05286843749999999,1842,22,40960,-0.009325219312449918,-0.9834000512957572,0.0059761,-3.6222534,0.004457809997256845,0.0271240234375,90,0.2,-0.022240543738007545,0.0003
2482.0,11,-0.024090166666666656,1841,24,45056,-0.010942830343265087,-0.9673514224588871,0.0069538387,-3.1912794,0.0034535654180217535,0.0382568359375,100,0.2,-0.02492547407746315,0.0003
2482.0,12,0.005609315789473695,1841,26,49152,-0.008867696486413479,-0.9670627236366272,0.005395039,-3.456255,0.0033000730094499887,0.0260498046875,110,0.2,-0.021084144711494446,0.0003
2482.0,13,0.06541733333333334,1842,28,53248,-0.007439291855553165,-0.9577713169157505,0.0049474468,-1.9780009,0.003021517736488022,0.01806640625,120,0.2,-0.017370348796248436,0.0003
2482.0,14,0.1486381739130435,1843,31,57344,-0.00946923922165297,-0.9523572221398353,0.005728272,-1.1127901,0.0027180968725588174,0.0254150390625,130,0.2,-0.02132665552198887,0.0003
2482.0,15,0.17190262499999998,1843,33,61440,-0.00866288713295944,-0.9342971190810203,0.0057875514,-1.1246533,0.0025587644660845397,0.0260498046875,140,0.2,-0.020746475085616112,0.0003
2482.0,16,0.2833745384615384,1844,35,65536,-0.008743723016232252,-0.9177194640040398,0.0051839645,-0.48375213,0.0024383700714679436,0.02119140625,150,0.2,-0.020894864574074745,0.0003
2482.0,17,0.29432296428571425,1844,37,69632,-0.007876893576758448,-0.9186518616974354,0.0050477013,-0.7569884,0.0020764671309734693,0.022314453125,160,0.2,-0.015440629795193672,0.0003
2482.0,18,0.3449295862068965,1842,40,73728,-0.009147014463087544,-0.9071084886789322,0.0057550576,-0.80222106,0.0018092621510731987,0.0341064453125,170,0.2,-0.011156808584928513,0.0003
2482.0,19,0.39665012903225805,1841,42,77824,-0.011142717010807246,-0.8982375957071781,0.007144908,0.066802144,0.002810340895666741,0.0471435546875,180,0.2,-0.026169637218117714,0.0003
2482.0,20,0.41758893939393943,1841,44,81920,-0.009139935768325813,-0.8843299850821496,0.0063739186,0.04807651,0.0023787056052242406,0.0345947265625,190,0.2,-0.024688180536031723,0.0003
2482.0,21,0.4315500588235294,1841,46,86016,-0.00921872519829776,-0.8625466957688331,0.005908102,0.12696767,0.0022046058962587266,0.03203125,200,0.2,-0.017470652237534523,0.0003
2482.0,22,0.47641533333333336,1841,48,90112,-0.010965814169321676,-0.8525482840836048,0.006823362,0.2198934,0.0017463676078477875,0.044775390625,210,0.2,-0.026791155338287354,0.0003
2482.0,23,0.49856097297297297,1839,51,94208,-0.010367761252564379,-0.8298265926539898,0.006480195,0.24619782,0.0018545663930126465,0.040234375,220,0.2,-0.020960865542292595,0.0003
2482.0,24,0.5885605384615384,1840,53,98304,-0.009089191356906667,-0.8039673537015914,0.0057287053,0.35924888,0.0020691535391961224,0.035205078125,230,0.2,-0.01992059126496315,0.0003
2482.0,25,0.6486890975609756,1839,55,102400,-0.008306216989876703,-0.8034481331706047,0.005688547,0.3865419,0.002706333804235328,0.0307861328125,240,0.2,-0.005923130549490452,0.0003
2482.0,26,0.6892016904761904,1839,57,106496,-0.009058175011887215,-0.7870847724378109,0.005593411,0.3437273,0.0016695721627911554,0.038134765625,250,0.2,-0.020619628950953484,0.0003
2482.0,27,0.7718616818181817,1838,60,110592,-0.009380407474236564,-0.7821413390338421,0.0059237387,0.4859054,0.0025325829192297533,0.0402099609375,260,0.2,-0.017831221222877502,0.0003
2482.0,28,0.8522301739130433,1838,62,114688,-0.00821080892928876,-0.783189857006073,0.0048098154,0.503496,0.00255151123565156,0.03203125,270,0.2,-0.011203923262655735,0.0003
2482.0,29,0.8715391702127658,1838,64,118784,-0.009719655173830688,-0.77257721722126,0.006264981,0.46911484,0.0023426710526109674,0.03935546875,280,0.2,-0.010798445902764797,0.0003
2482.0,30,0.9278612244897958,1837,66,122880,-0.008688421835540795,-0.748589140176773,0.005053904,0.5760045,0.0020631177088944242,0.029150390625,290,0.2,-0.014554448425769806,0.0003
2482.0,31,0.9847630196078431,1838,69,126976,-0.009219237792422064,-0.7316753327846527,0.006405778,0.56889725,0.0028084853736800143,0.042529296875,300,0.2,-0.01606735959649086,0.0003
2482.0,32,1.0149482307692308,1838,71,131072,-0.007570266637776513,-0.7123918361961842,0.004607723,0.54375565,0.0016693498953827656,0.0287109375,310,0.2,-0.022227736189961433,0.0003
2482.0,33,1.0732395,1838,73,135168,-0.007301488169468939,-0.6896159783005714,0.005251341,0.625028,0.002423485700273886,0.029833984375,320,0.2,-0.014409089460968971,0.0003
2482.0,34,1.1347603928571428,1838,75,139264,-0.009219298377865925,-0.6844777323305606,0.0067770574,0.62162,0.0022473402219475246,0.049267578125,330,0.2,-0.01332163531333208,0.0003
2482.0,35,1.1637607192982453,1837,78,143360,-0.008803450051345862,-0.6646044112741947,0.0046814303,0.5885588,0.0018893474858487024,0.039404296875,340,0.2,-0.016219504177570343,0.0003
2482.0,36,1.219981627118644,1837,80,147456,-0.008580093213822693,-0.6635564841330052,0.005406346,0.6519082,0.0026559756151982583,0.0387939453125,350,0.2,-0.015543217770755291,0.0003
2482.0,37,1.260797819672131,1837,82,151552,-0.011557250836631283,-0.6629483751952648,0.0071803383,0.5818182,0.0020849847933277488,0.0630615234375,360,0.2,-0.018998563289642334,0.0003
2482.0,38,1.2904247258064516,1838,84,155648,-0.009137079463107512,-0.6339827656745911,0.006293799,0.65981025,0.002859310717030894,0.046533203125,370,0.2,-0.010021242313086987,0.0003
2482.0,39,1.333087203125,1838,86,159744,-0.007383630890399217,-0.6261660315096378,0.004887691,0.7113078,0.002258784469449893,0.0310546875,380,0.2,-0.015440192073583603,0.0003
2482.0,40,1.3775150151515152,1838,89,163840,-0.00843473840795923,-0.6233135044574738,0.004638661,0.63480604,0.0019474960616207681,0.0385498046875,390,0.2,-0.020994219928979874,0.0003
2482.0,41,1.407471223880597,1838,91,167936,-0.010514517786214128,-0.6000854358077049,0.006016158,0.6847617,0.0024178914114600047,0.0478515625,400,0.2,-0.020194923505187035,0.0003
2482.0,42,1.4588673043478262,1837,93,172032,-0.007566239393781871,-0.6048369236290455,0.0047639613,0.7182909,0.0024638486211188138,0.03427734375,410,0.2,-0.011040865443646908,0.0003
2482.0,43,1.4853451285714285,1837,95,176128,-0.008399782242486253,-0.5881791114807129,0.0047556134,0.6636447,0.001999922009417787,0.0396484375,420,0.2,-0.02016863040626049,0.0003
2482.0,44,1.5375175277777775,1837,98,180224,-0.008860942584578878,-0.564015207439661,0.005654743,0.73672456,0.0023262029790203087,0.0440673828125,430,0.2,-0.01487615518271923,0.0003
2482.0,45,1.5729710135135133,1837,100,184320,-0.008009259070968255,-0.5677443511784077,0.005445335,0.7389392,0.0023457384697394444,0.0497314453125,440,0.2,-0.01849968358874321,0.0003
2482.0,46,1.593970253333333,1837,102,188416,-0.009908538236049935,-0.5495570950210095,0.005652633,0.7047279,0.0016723255175747909,0.0447998046875,450,0.2,-0.021060027182102203,0.0003
2482.0,47,1.640387792207792,1836,104,192512,-0.008849842328345403,-0.5216980636119842,0.0054811114,0.77374625,0.0022634919718257152,0.0465576171875,460,0.2,-0.013419135473668575,0.0003
2482.0,48,1.6827586455696202,1836,107,196608,-0.008611455533537083,-0.5186243291944266,0.0061364756,0.7602805,0.002503553163842298,0.050048828125,470,0.2,-0.00879428070038557,0.0003
2482.0,49,1.7053695124999997,1836,109,200704,-0.00922421220166143,-0.5086189925670623,0.0057679033,0.7339947,0.0020545661172945984,0.0584228515625,480,0.2,-0.011240357533097267,0.0003
2482.0,50,1.7434443902439023,1836,111,204800,-0.007295799016719684,-0.48919063396751883,0.0044304845,0.78580016,0.002406849122780841,0.0408203125,490,0.2,-0.012806211598217487,0.0003
2482.0,51,1.7899476904761902,1836,113,208896,-0.008509124594274909,-0.4866385817527771,0.005241015,0.77761734,0.0025386674591572956,0.0458740234375,500,0.2,-0.009153954684734344,0.0003
2482.0,52,1.8136794941176466,1836,115,212992,-0.00637726645800285,-0.481941382214427,0.0040010437,0.76952624,0.0019717556075192987,0.03193359375,510,0.2,-0.011137385852634907,0.0003
2482.0,53,1.8528134827586202,1836,118,217088,-0.006223518186016008,-0.4686955649405718,0.0041157203,0.7994223,0.0026047110033687202,0.0312744140625,520,0.2,-0.007410603575408459,0.0003
2482.0,54,1.892554382022472,1836,120,221184,-0.008108446386177092,-0.47305360026657584,0.0054877657,0.80921453,0.0022710855555487797,0.0418701171875,530,0.2,-0.014213602989912033,0.0003
2482.0,55,1.9163212222222221,1836,122,225280,-0.008189172609127127,-0.4584505043923855,0.0044501573,0.7853819,0.0017156982998130844,0.04150390625,540,0.2,-0.012254282832145691,0.0003
2482.0,56,1.947529891304348,1836,124,229376,-0.007238905169651843,-0.4546407576650381,0.0043327566,0.83307385,0.002164910147257615,0.038525390625,550,0.2,-0.009934935718774796,0.0003
2482.0,57,1.9918277553191492,1836,127,233472,-0.00845524554461008,-0.4625738851726055,0.004784187,0.7883643,0.0018043923540972174,0.044677734375,560,0.2,-0.01816328428685665,0.0003
2482.0,58,2.010025505263158,1836,129,237568,-0.007258830624050461,-0.44494337141513823,0.0047165924,0.8389357,0.0023804375057807194,0.038525390625,570,0.2,-0.005388601683080196,0.0003
2482.0,59,2.0536774845360823,1835,131,241664,-0.008242189037264324,-0.4460004411637783,0.0047831265,0.83748114,0.002518550943932496,0.0425537109375,580,0.2,-0.013113407418131828,0.0003
2482.0,60,2.092446808080808,1835,133,245760,-0.0072326730019995015,-0.4488842736929655,0.0048968783,0.785542,0.002101735876931343,0.0439453125,590,0.2,-0.014129619114100933,0.0003
2482.0,61,2.11213717,1835,136,249856,-0.0074294964004366195,-0.42788020372390745,0.004641728,0.8691108,0.001980885326338466,0.0423583984375,600,0.2,-0.011318515986204147,0.0003
2482.0,62,2.20268822,1836,138,253952,-0.007399822975276038,-0.4333730638027191,0.0049515814,0.8698577,0.002083652206056286,0.0449462890625,610,0.2,-0.005683276802301407,0.0003
2482.0,63,2.23852088,1836,140,258048,-0.00792836076579988,-0.4323382664471865,0.0044314014,0.8321755,0.0016548781874007545,0.04111328125,620,0.2,-0.010960282757878304,0.0003
2482.0,64,2.32209968,1835,142,262144,-0.00781046063566464,-0.41969937458634377,0.004623562,0.8718612,0.002142890192044433,0.0449462890625,630,0.2,-0.011102782562375069,0.0003
2482.0,65,2.40844841,1835,145,266240,-0.005931895796675235,-0.4342726532369852,0.0034897132,0.8568075,0.0022405905459891074,0.030029296875,640,0.2,-0.013737029395997524,0.0003
2482.0,66,2.44470618,1835,147,270336,-0.006950419602799229,-0.42851276844739916,0.0041987784,0.85200167,0.001752303853572812,0.0365478515625,650,0.2,-0.012177938595414162,0.0003
2482.0,67,2.53905176,1834,149,274432,-0.007482272508786992,-0.4159379083663225,0.0038216342,0.8851925,0.0020758657410624437,0.0367431640625,660,0.2,-0.015087497420608997,0.0003
2482.0,68,2.6165985899999997,1834,151,278528,-0.008345094972173683,-0.4357819136232138,0.0047008907,0.88036215,0.002049776339845266,0.047216796875,670,0.2,-0.015900135040283203,0.0003
2482.0,69,2.6702410299999997,1834,154,282624,-0.00852994599554222,-0.4283690985292196,0.00460418,0.8754291,0.0016979486288619227,0.0423583984375,680,0.2,-0.020516913384199142,0.0003
2482.0,70,2.7553872999999998,1834,156,286720,-0.00800230609747814,-0.4136161141097546,0.0054010414,0.8948558,0.002101106449845247,0.052392578125,690,0.2,-0.014394441619515419,0.0003
2482.0,71,2.8290042599999996,1833,158,290816,-0.005880172026809305,-0.42407389134168627,0.003505045,0.8889524,0.0021887238253839314,0.0310546875,700,0.2,-0.010597484186291695,0.0003
2482.0,72,2.8695074199999997,1833,160,294912,-0.007810314922244288,-0.41593081317842007,0.005120489,0.88748,0.0016348378834663891,0.04228515625,710,0.2,-0.017652468755841255,0.0003
2482.0,73,2.94451976,1833,163,299008,-0.006766483864339534,-0.40593077428638935,0.003306374,0.90630597,0.0019531422076397575,0.0308837890625,720,0.2,-0.0086442856118083,0.0003
2482.0,74,3.0145169700000003,1833,165,303104,-0.007248532462108414,-0.41406867913901807,0.004731763,0.8957872,0.002096337085822597,0.043115234375,730,0.2,-0.010896805673837662,0.0003
2482.0,75,3.04879407,1832,167,307200,-0.008679128994117491,-0.39301187321543696,0.0046207006,0.8980198,0.0015480414367630146,0.0449951171875,740,0.2,-0.011800702661275864,0.0003
2482.0,76,3.1171352500000005,1832,169,311296,-0.008120373787824065,-0.38913778252899645,0.004771533,0.91405374,0.0018236411706311628,0.048095703125,750,0.2,-0.013295033015310764,0.0003
2482.0,77,3.18198873,1832,172,315392,-0.009196485395659693,-0.3964680440723896,0.00554144,0.8824882,0.0017041611106833443,0.0541259765625,760,0.2,-0.009694788604974747,0.0003
2482.0,78,3.2265772499999996,1832,174,319488,-0.008542442170437425,-0.3675473164767027,0.0054495493,0.9314689,0.0014682525303214788,0.0480224609375,770,0.2,-0.01188598945736885,0.0003
2482.0,79,3.29024902,1832,176,323584,-0.00723142197530251,-0.37086800299584866,0.0047769155,0.9187322,0.0018679452317883261,0.0434814453125,780,0.2,-0.009684046730399132,0.0003
2482.0,80,3.3660812799999995,1830,179,327680,-0.0091572578123305,-0.3796105947345495,0.0055298125,0.89469683,0.0015377609015558846,0.05048828125,790,0.2,-0.013037716038525105,0.0003
2482.0,81,3.4050657199999996,1830,181,331776,-0.008805411618959624,-0.3511833496391773,0.004840905,0.9312836,0.0015986574173439295,0.047607421875,800,0.2,-0.013241824693977833,0.0003
2482.0,82,3.4896475899999997,1830,183,335872,-0.00797919817850925,-0.35769068375229834,0.00432714,0.9289197,0.0016870493796886875,0.045751953125,810,0.2,-0.009999694302678108,0.0003
2482.0,83,3.5194094799999998,1830,185,339968,-0.008321348222671077,-0.36093902215361595,0.0053619314,0.90826136,0.001484351372346282,0.04736328125,820,0.2,-0.017197230830788612,0.0003
2482.0,84,3.5864136700000007,1830,187,344064,-0.006203051912598312,-0.3458006754517555,0.0041622883,0.9401705,0.0014747222492587752,0.0321044921875,830,0.2,-0.014360346831381321,0.0003
2482.0,85,3.64493659,1830,190,348160,-0.00774476648948621,-0.3584240090101957,0.0050467877,0.92598873,0.0017919679536134935,0.0431640625,840,0.2,-0.012490060180425644,0.0003
2482.0,86,3.67951436,1830,192,352256,-0.008391403430141508,-0.35238900408148766,0.0047106706,0.9267531,0.0013783147878712043,0.0438232421875,850,0.2,-0.012191645801067352,0.0003
2482.0,87,3.7295698999999995,1830,194,356352,-0.0077615621383301915,-0.3371808402240276,0.003923162,0.94315696,0.0014384048045030795,0.03896484375,860,0.2,-0.012078561820089817,0.0003
2482.0,88,3.78559734,1830,196,360448,-0.008522140042623505,-0.3418069135397673,0.0050333217,0.9351699,0.0016407188319135456,0.0480712890625,870,0.2,-0.010163579136133194,0.0003
2482.0,89,3.80799532,1830,199,364544,-0.0076986634907370895,-0.33542332164943217,0.004162545,0.9295246,0.0013226413488155232,0.0423095703125,880,0.2,-0.018229171633720398,0.0003
2482.0,90,3.8790000399999998,1829,201,368640,-0.00699519626214169,-0.32252185940742495,0.005056116,0.9462877,0.00139335273852339,0.040966796875,890,0.2,-0.006343548186123371,0.0003
2482.0,91,3.931560699999999,1829,203,372736,-0.008078158262651413,-0.3351665444672108,0.0045170216,0.93931025,0.001568595263233874,0.0387939453125,900,0.2,-0.010318698361515999,0.0003
2482.0,92,3.96388912,1829,205,376832,-0.008420565776759759,-0.3316959600895643,0.0049540326,0.93909883,0.0012242475080711302,0.047119140625,910,0.2,-0.015643097460269928,0.0003
2482.0,93,4.013373720000001,1829,208,380928,-0.009112283962895162,-0.32370455265045167,0.0049886983,0.951313,0.001283928744669538,0.04736328125,920,0.2,-0.021613935008645058,0.0003
2482.0,94,4.06546036,1828,210,385024,-0.006798500557488296,-0.33120368644595144,0.0038168982,0.9406795,0.0015108577863429673,0.0361572265625,930,0.2,-0.005808988120406866,0.0003
2482.0,95,4.09553722,1827,212,389120,-0.008522344165248797,-0.31744246929883957,0.0057362476,0.9448757,0.0011324673068884294,0.04853515625,940,0.2,-0.014213543385267258,0.0003
2482.0,96,4.1455129799999995,1827,215,393216,-0.0071570721105672416,-0.30935128703713416,0.004547643,0.95073724,0.0013900287056458182,0.0394775390625,950,0.2,-0.010837588459253311,0.0003
2482.0,97,4.21095216,1826,217,397312,-0.007397089924779721,-0.315857807174325,0.0043943007,0.9422011,0.0013337647367734462,0.04111328125,960,0.2,-0.016478529199957848,0.0003
2482.0,98,4.241261010000001,1826,219,401408,-0.008498791613965296,-0.30728279538452624,0.004320926,0.96215993,0.000937586446525529,0.044482421875,970,0.2,-0.0118030346930027,0.0003
2482.0,99,4.292987050000001,1826,222,405504,-0.007631835338543169,-0.3148472897708416,0.004980354,0.9591428,0.0011669915751554073,0.042578125,980,0.2,-0.007195496000349522,0.0003
2482.0,100,4.34989801,1826,224,409600,-0.008241281055961735,-0.32397610805928706,0.0050475653,0.94422776,0.0010454269853653387,0.047119140625,990,0.2,-0.014244848862290382,0.0003
2482.0,101,4.38554689,1826,226,413696,-0.007507992477621883,-0.3051157630980015,0.0041841757,0.9652559,0.0010045956521935295,0.0459228515625,1000,0.2,-0.007646066602319479,0.0003
2482.0,102,4.43418316,1826,228,417792,-0.009220338452723808,-0.31538591608405114,0.004994401,0.9624855,0.0011062115074309987,0.0421630859375,1010,0.2,-0.010619064792990685,0.0003
2482.0,103,4.46341682,1826,230,421888,-0.007721893442794681,-0.3228786252439022,0.004020144,0.9496932,0.0009779913678357843,0.039208984375,1020,0.2,-0.006519393529742956,0.0003
2482.0,104,4.515278939999999,1826,233,425984,-0.00949279280321207,-0.3162588842213154,0.005156718,0.9695836,0.0008897007384803147,0.0535888671875,1030,0.2,-0.010199345648288727,0.0003
2482.0,105,4.5647151500000005,1826,235,430080,-0.008855678988038563,-0.3319924380630255,0.005785129,0.9606131,0.0011088386600022204,0.0476318359375,1040,0.2,-0.009141162037849426,0.0003
2482.0,106,4.59646499,1825,237,434176,-0.007752026917296461,-0.3331857562065125,0.0037666159,0.9585951,0.0008920803054934367,0.03603515625,1050,0.2,-0.015701448544859886,0.0003
2482.0,107,4.65411015,1818,240,438272,-0.009175058218534104,-0.31938027441501615,0.0044615837,0.96995044,0.0008937997605244164,0.04150390625,1060,0.2,-0.01648348569869995,0.0003
2482.0,108,4.70686907,1813,243,442368,-0.007154442663886584,-0.32926512584090234,0.0042419406,0.966317,0.0009920459960994776,0.038232421875,1070,0.2,-0.013664769008755684,0.0003
2482.0,109,4.73684124,1806,247,446464,-0.008357148681534454,-0.32340918146073816,0.004747836,0.9648108,0.0008409995694819372,0.0455322265625,1080,0.2,-0.015344170853495598,0.0003
2482.0,110,4.79536306,1802,249,450560,-0.00714887845388148,-0.30740484669804574,0.0037439677,0.9754347,0.0007772939243295696,0.0386962890625,1090,0.2,-0.008865238167345524,0.0003
2482.0,111,4.85024271,1799,252,454656,-0.007255076958244899,-0.31723020114004613,0.00377529,0.9710212,0.0008873823171597905,0.03896484375,1100,0.2,-0.01395301055163145,0.0003
2482.0,112,4.8752166699999995,1797,255,458752,-0.009010144075728022,-0.3143768239766359,0.0037386494,0.96904665,0.0007296243187738582,0.039453125,1110,0.2,-0.016224008053541183,0.0003
2482.0,113,4.92984807,1793,257,462848,-0.007007396506378427,-0.30747824124991896,0.004286496,0.9759994,0.0007622094643011223,0.03984375,1120,0.2,-0.014383875764906406,0.0003
2482.0,114,4.9930503900000005,1790,260,466944,-0.00976178229902871,-0.323713057115674,0.005783259,0.9729907,0.0008590917765104678,0.0527099609375,1130,0.2,-0.017594438046216965,0.0003
2482.0,115,5.028721129999999,1787,263,471040,-0.008295160537818447,-0.31892803609371184,0.004551463,0.9749432,0.0006373543066729326,0.0433349609375,1140,0.2,-0.018489671871066093,0.0003
2482.0,116,5.08863335,1785,266,475136,-0.008008929505012929,-0.3195141706615686,0.005151072,0.9777727,0.0007689165999181568,0.0454833984375,1150,0.2,-0.00804347638040781,0.0003
2482.0,117,5.14818679,1783,268,479232,-0.008735095761949196,-0.33656562156975267,0.0044333665,0.9752382,0.0007956715766340494,0.0443603515625,1160,0.2,-0.01419716514647007,0.0003
2482.0,118,5.17468383,1781,271,483328,-0.008835716542671434,-0.3207768976688385,0.0038872955,0.9791624,0.0005485849313117796,0.0326171875,1170,0.2,-0.013887752778828144,0.0003
2482.0,119,5.22961278,1778,274,487424,-0.008568032298353501,-0.32658000104129314,0.0044987816,0.977562,0.000771283117501298,0.043115234375,1180,0.2,-0.011375936679542065,0.0003
2482.0,120,5.279316500000001,1775,276,491520,-0.007318507297895849,-0.3442396029829979,0.0030559034,0.97242546,0.0006002662190439878,0.0308837890625,1190,0.2,-0.011212500743567944,0.0003
2482.0,121,5.30568622,1773,279,495616,-0.011132618944975548,-0.3254277132451534,0.005545234,0.9818012,0.0006391758750396547,0.0564208984375,1200,0.2,-0.019800614565610886,0.0003
2482.0,122,5.363208870000001,1771,282,499712,-0.009564906690502539,-0.33545900508761406,0.005402565,0.98009604,0.0006956761244509835,0.0490234375,1210,0.2,-0.019290318712592125,0.0003
2482.0,123,5.38920607,1768,284,503808,-0.009891948421136476,-0.3431373931467533,0.004965863,0.97565883,0.0005644984485115856,0.0517822265625,1220,0.2,-0.018252450972795486,0.0003
